,user,avg_success,count_success
1414,U53@DOM1,0.9836974980187931,17666
244,U75@DOM1,1.0,12861
1641,U109@DOM1,1.0,5195
5071,U399@DOM5,1.0,4587
1992,U113@DOM1,1.0,4219
2017,U8@DOM1,1.0,1191
4137,U699@DOM1,1.0,239
3921,U24@DOM1,1.0,188
3246,U428@DOM1,1.0,137
2543,U78@DOM1,1.0,36
1202,U6462@DOM1,1.0,34
4254,U4033@DOM1,1.0,31
5017,U5982@DOM1,0.038461538461538464,26
5207,U6062@DOM1,0.12,25
369,U167@DOM1,1.0,21
3140,U3966@DOM1,0.55,20
2024,U6854@DOM1,0.11764705882352941,17
965,U5087@DOM1,0.2857142857142857,14
3226,U512@DOM1,1.0,14
4727,U7610@DOM1,0.0,14
3223,U5310@DOM1,0.9230769230769231,13
4036,U101@DOM1,1.0,12
5340,U118@DOM1,1.0,12
3916,U4827@DOM1,0.25,12
3490,U2288@DOM1,1.0,11
2067,U6464@DOM1,0.4,10
5046,U3608@DOM1,0.9,10
4217,U6408@DOM1,0.2,10
3903,U7048@DOM1,0.2222222222222222,9
3958,U4278@DOM1,0.8888888888888888,9
1874,U5545@DOM1,0.4444444444444444,9
2179,U4655@DOM1,0.875,8
3060,U7221@DOM1,0.875,8
3330,U3442@DOM1,1.0,8
2959,U4788@DOM1,0.875,8
3837,U4563@DOM1,0.125,8
446,U1895@DOM1,1.0,7
4962,U4253@DOM1,0.8571428571428571,7
973,U4402@DOM1,1.0,7
2402,U3024@DOM1,1.0,7
3662,U99@DOM1,1.0,7
2647,U2964@DOM1,1.0,7
1787,U5828@DOM1,0.8571428571428571,7
3058,U6855@DOM1,0.42857142857142855,7
4075,U6715@DOM1,0.2857142857142857,7
3813,U3698@DOM1,1.0,7
2043,U4192@DOM1,1.0,7
2373,U3111@DOM1,1.0,6
3305,U2697@DOM1,0.6666666666666666,6
3745,U6057@DOM1,1.0,6
2132,U3292@DOM1,0.5,6
3145,U4948@DOM1,1.0,6
4226,U1968@DOM1,1.0,6
406,U3880@DOM1,0.5,6
4994,U3498@DOM1,0.6666666666666666,6
4585,U5820@DOM1,1.0,6
2318,U5602@DOM1,1.0,6
3511,U6468@DOM1,0.6666666666666666,6
3084,U3508@DOM1,1.0,6
5097,U998@DOM1,1.0,6
4059,U6319@DOM1,0.16666666666666666,6
3401,U2811@DOM1,0.8333333333333334,6
4892,U1601@DOM1,1.0,6
4399,U461@DOM1,1.0,6
3613,U6244@DOM1,1.0,6
3710,U5388@DOM1,0.16666666666666666,6
827,U1326@DOM1,0.8,5
289,U4745@DOM1,0.2,5
2702,U6018@DOM1,0.8,5
4928,U2312@DOM1,1.0,5
626,U2907@DOM1,0.2,5
2536,U3118@DOM1,1.0,5
3881,U2857@DOM1,0.2,5
673,U5734@DOM1,0.8,5
1833,U3394@DOM1,0.8,5
594,U3569@DOM1,1.0,5
2496,U2018@DOM1,1.0,5
3035,U4477@DOM1,1.0,5
2511,U5433@DOM1,0.6,5
3109,U4457@DOM1,1.0,5
5047,U6833@DOM1,1.0,5
4443,U4819@DOM1,1.0,5
4201,U3545@DOM1,0.4,5
3815,U182@DOM1,1.0,5
4340,U5738@DOM1,1.0,5
3960,U4546@DOM1,1.0,5
4055,U3193@DOM1,0.2,5
3965,U1086@DOM1,1.0,5
53,U4264@DOM1,0.2,5
4047,U5550@DOM1,0.4,5
2748,U5626@DOM1,0.4,5
42,U6949@DOM1,0.2,5
3,U3147@DOM1,0.6,5
1501,U2728@DOM1,1.0,4
1499,U2100@DOM1,1.0,4
4033,U4643@DOM1,0.5,4
5431,U5593@DOM1,1.0,4
2119,U5063@DOM1,1.0,4
5245,U5649@DOM1,0.75,4
409,U4208@DOM1,0.25,4
1055,U2617@DOM1,1.0,4
3033,U1632@DOM1,1.0,4
2564,U1345@DOM1,0.5,4
2251,U3154@DOM1,1.0,4
2573,U770@DOM1,1.0,4
4782,U3912@DOM1,1.0,4
2890,U3775@DOM1,0.5,4
4031,U6445@DOM1,0.5,4
3143,U3798@DOM1,1.0,4
4523,U6246@DOM1,0.75,4
2248,U4586@DOM1,1.0,4
3279,U1906@DOM1,1.0,4
1950,U2430@DOM1,1.0,4
2872,U1764@DOM1,1.0,4
3471,U6149@DOM1,1.0,4
720,U1737@DOM1,1.0,4
1700,U1855@DOM1,0.5,4
3719,U4022@DOM1,0.75,4
162,U3794@DOM1,0.25,4
990,U4526@DOM1,1.0,4
1418,U5791@DOM1,0.75,4
1894,U5269@DOM1,1.0,4
1903,U4556@DOM1,1.0,4
2838,U6166@DOM1,1.0,4
727,U1236@DOM1,0.25,4
728,U1903@DOM1,1.0,4
678,U1580@DOM1,1.0,4
2208,U2424@DOM1,1.0,4
2465,U2776@DOM1,1.0,4
3452,U3382@DOM1,0.25,4
2434,U4291@DOM1,1.0,4
4870,U6129@DOM1,0.5,4
3514,U4701@DOM1,1.0,4
4398,U5785@DOM1,1.0,4
2272,U6910@DOM1,1.0,4
1022,U7033@DOM1,0.75,4
2028,U4709@DOM1,0.75,4
2933,U7250@DOM1,0.25,4
3734,U3652@DOM1,0.25,4
2934,U600@DOM1,1.0,4
3179,U2754@DOM1,0.75,4
1535,U3463@DOM1,0.5,4
3625,U4914@DOM1,1.0,4
1024,U6228@DOM1,0.5,4
3405,U7053@DOM1,0.25,4
590,U5203@DOM1,0.75,4
589,U4682@DOM1,1.0,4
4321,U4576@DOM1,0.75,4
2170,U5435@DOM1,0.5,4
2486,U898@DOM1,1.0,4
295,U2379@DOM1,1.0,4
4158,U4807@DOM1,0.25,4
1448,U3816@DOM1,0.5,4
4841,U2277@DOM1,1.0,4
3809,U4552@DOM1,1.0,4
3181,U2708@DOM1,0.25,4
2300,U3057@DOM1,1.0,4
30,U1982@DOM1,1.0,4
3604,U1985@DOM1,0.75,4
830,U5663@DOM1,1.0,4
3603,U1145@DOM1,1.0,4
1164,U4534@DOM1,1.0,4
4344,U2944@DOM1,1.0,4
697,U6801@DOM1,1.0,4
4179,U1797@DOM1,1.0,4
3165,U3876@DOM1,1.0,4
1215,U4555@DOM1,0.6666666666666666,3
1445,U2808@DOM1,1.0,3
87,U813@DOM1,1.0,3
127,U3444@DOM1,1.0,3
2216,U2258@DOM1,0.6666666666666666,3
5104,U556@DOM1,0.6666666666666666,3
1729,U2181@DOM1,1.0,3
4369,U1293@DOM1,1.0,3
3016,U2995@DOM1,0.6666666666666666,3
643,U4307@DOM1,1.0,3
3039,U2036@DOM1,1.0,3
5076,U4678@DOM1,1.0,3
2874,U4046@DOM1,1.0,3
4656,U547@DOM1,1.0,3
4368,U896@DOM1,1.0,3
4356,U3668@DOM1,0.6666666666666666,3
112,U6494@DOM1,0.6666666666666666,3
3980,U4144@DOM1,0.6666666666666666,3
612,U4243@DOM1,0.6666666666666666,3
2728,U1851@DOM1,0.6666666666666666,3
2762,U4078@DOM1,1.0,3
631,U5391@DOM1,1.0,3
2731,U1202@DOM1,0.6666666666666666,3
3202,U4981@DOM1,0.6666666666666666,3
698,U2314@DOM1,1.0,3
858,U2538@DOM1,1.0,3
4504,U7022@DOM1,1.0,3
854,U7086@DOM1,0.6666666666666666,3
4957,U933@DOM1,0.6666666666666666,3
805,U1931@DOM1,0.3333333333333333,3
2931,U3298@DOM1,1.0,3
1556,U6731@DOM1,1.0,3
1557,U3812@DOM1,1.0,3
3794,U788@DOM1,1.0,3
6,U3297@DOM1,1.0,3
895,U1966@DOM1,1.0,3
2605,U4685@DOM1,0.6666666666666666,3
4472,U5687@DOM1,1.0,3
799,U2516@DOM1,1.0,3
2233,U6151@DOM1,0.6666666666666666,3
3773,U1406@DOM1,1.0,3
1233,U1974@DOM1,1.0,3
4394,U4934@DOM1,0.3333333333333333,3
1697,U4580@DOM1,0.3333333333333333,3
83,U6567@DOM1,1.0,3
1708,U5889@DOM1,1.0,3
2535,U6878@DOM1,1.0,3
991,U5463@DOM1,1.0,3
4374,U4805@DOM1,0.6666666666666666,3
2736,U3106@DOM1,1.0,3
5029,U3139@DOM1,1.0,3
4995,U5368@DOM1,0.6666666666666666,3
789,U5794@DOM1,0.3333333333333333,3
5010,U5669@DOM1,0.6666666666666666,3
2561,U4768@DOM1,0.6666666666666666,3
4038,U4816@DOM1,1.0,3
1498,U2500@DOM1,0.6666666666666666,3
4875,U9@DOM1,0.6666666666666666,3
2239,U3843@DOM1,0.6666666666666666,3
4072,U6241@DOM1,0.6666666666666666,3
2704,U6535@DOM1,1.0,3
5412,U5355@DOM1,0.3333333333333333,3
4593,U3197@DOM1,1.0,3
5393,U3372@DOM1,1.0,3
212,U6844@DOM1,0.3333333333333333,3
1970,U1347@DOM1,1.0,3
4781,U1298@DOM1,1.0,3
1115,U3845@DOM1,1.0,3
387,U3890@DOM1,1.0,3
1170,U7154@DOM1,0.6666666666666666,3
451,U3208@DOM1,0.6666666666666666,3
475,U340@DOM1,1.0,3
181,U6364@DOM1,1.0,3
3967,U2691@DOM1,0.6666666666666666,3
4734,U3846@DOM1,0.6666666666666666,3
4591,U4854@DOM1,1.0,3
445,U3390@DOM1,1.0,3
444,U4740@DOM1,1.0,3
2435,U1187@DOM1,1.0,3
1990,U5354@DOM1,0.3333333333333333,3
267,U2130@DOM1,0.6666666666666666,3
306,U2320@DOM1,0.6666666666666666,3
2077,U5655@DOM1,0.6666666666666666,3
4622,U6845@DOM1,0.6666666666666666,3
297,U4551@DOM1,1.0,3
2389,U6983@DOM1,0.6666666666666666,3
268,U3158@DOM1,1.0,3
3663,U6755@DOM1,1.0,3
2808,U6702@DOM1,1.0,3
2380,U6722@DOM1,1.0,3
271,U1963@DOM1,1.0,3
2070,U3771@DOM1,1.0,3
5324,U6233@DOM1,0.3333333333333333,3
3928,U4335@DOM1,1.0,3
2708,U2056@DOM1,1.0,3
232,U3261@DOM1,0.6666666666666666,3
3658,U6760@DOM1,0.6666666666666666,3
3167,U3814@DOM1,0.6666666666666666,3
5360,U4720@DOM1,0.3333333333333333,3
5311,U3529@DOM1,1.0,3
1435,U3462@DOM1,1.0,3
3750,U2990@DOM1,0.6666666666666666,3
544,U2120@DOM1,0.3333333333333333,3
2471,U6128@DOM1,1.0,3
3687,U2638@DOM1,1.0,3
4820,U3004@DOM1,1.0,3
3685,U1584@DOM1,1.0,3
5179,U892@DOM1,1.0,3
5180,U1292@DOM1,0.3333333333333333,3
5183,U2833@DOM1,0.6666666666666666,3
145,U3521@DOM1,1.0,3
4815,U1498@DOM1,1.0,3
557,U4595@DOM1,0.3333333333333333,3
2332,U4394@DOM1,1.0,3
2334,U1164@DOM1,1.0,3
1824,U5340@DOM1,0.6666666666666666,3
3754,U5613@DOM1,0.6666666666666666,3
5435,U4261@DOM1,0.3333333333333333,3
3068,U3455@DOM1,0.6666666666666666,3
4079,U2852@DOM1,1.0,3
1203,U1929@DOM1,1.0,3
143,U1362@DOM1,1.0,3
3882,U3097@DOM1,0.6666666666666666,3
1255,U4058@DOM1,0.3333333333333333,3
4810,U6263@DOM1,0.6666666666666666,3
3098,U4776@DOM1,0.6666666666666666,3
5416,U3629@DOM1,0.6666666666666666,3
5190,U4578@DOM1,1.0,3
2839,U624@DOM1,1.0,3
1413,U5347@DOM1,0.3333333333333333,3
1415,U761@DOM1,1.0,3
4609,U695@DOM1,1.0,2
1319,U5352@DOM1,1.0,2
1404,U1686@DOM1,1.0,2
4532,U3552@DOM1,0.5,2
1457,U4718@DOM1,1.0,2
2679,U2586@DOM1,1.0,2
3731,U6072@DOM1,1.0,2
2667,U4979@DOM1,0.5,2
2747,U5285@DOM1,1.0,2
1531,U1596@DOM1,1.0,2
4623,U6432@DOM1,1.0,2
4624,U7133@DOM1,1.0,2
2678,U2115@DOM1,0.5,2
1478,U5711@DOM1,1.0,2
1442,U6440@DOM1,1.0,2
1352,U792@DOM1,1.0,2
3767,U5311@DOM1,0.5,2
2676,U4640@DOM1,1.0,2
1282,U6270@DOM1,1.0,2
1439,U5226@DOM1,0.5,2
1300,U2481@DOM1,1.0,2
3701,U3838@DOM1,1.0,2
1358,U3944@DOM1,1.0,2
4500,U4938@DOM1,1.0,2
1359,U619@DOM1,1.0,2
4492,U359@DOM1,1.0,2
3776,U6624@DOM1,1.0,2
3777,U3094@DOM1,1.0,2
2648,U1636@DOM1,1.0,2
1508,U1998@DOM1,1.0,2
1470,U6675@DOM1,1.0,2
1329,U5674@DOM1,1.0,2
1511,U3826@DOM1,1.0,2
2715,U7051@DOM1,0.5,2
4659,U2202@DOM1,1.0,2
1502,U2526@DOM1,0.5,2
1305,U4628@DOM1,1.0,2
1378,U2332@DOM1,1.0,2
2744,U1294@DOM1,1.0,2
1279,U6698@DOM1,1.0,2
1496,U1259@DOM1,1.0,2
3737,U4603@DOM1,0.5,2
2743,U6887@DOM1,0.5,2
3726,U3194@DOM1,1.0,2
1338,U4150@DOM1,0.5,2
1400,U5719@DOM1,1.0,2
2048,U2805@DOM1,0.5,2
2033,U5740@DOM1,0.5,2
4171,U1877@DOM1,1.0,2
2009,U5642@DOM1,1.0,2
2053,U916@DOM1,1.0,2
4146,U2016@DOM1,1.0,2
2089,U6630@DOM1,1.0,2
2087,U5797@DOM1,1.0,2
2086,U1711@DOM1,1.0,2
2374,U6392@DOM1,0.5,2
2376,U3774@DOM1,1.0,2
4139,U1768@DOM1,1.0,2
4140,U5006@DOM1,1.0,2
2073,U3304@DOM1,1.0,2
4142,U2576@DOM1,1.0,2
2068,U2937@DOM1,1.0,2
2003,U3469@DOM1,0.5,2
1948,U281@DOM1,1.0,2
1945,U5062@DOM1,0.5,2
4230,U2439@DOM1,0.5,2
2439,U5341@DOM1,1.0,2
1932,U3527@DOM1,1.0,2
1924,U6444@DOM1,0.5,2
2445,U1945@DOM1,0.5,2
1920,U5336@DOM1,0.5,2
4243,U2721@DOM1,1.0,2
1953,U6185@DOM1,0.5,2
1954,U2428@DOM1,1.0,2
1955,U2926@DOM1,1.0,2
1999,U12423@DOM1,0.0,2
4191,U5634@DOM1,1.0,2
2421,U5679@DOM1,0.5,2
4213,U1025@DOM1,1.0,2
1967,U5808@DOM1,1.0,2
3913,U3413@DOM1,1.0,2
3911,U3310@DOM1,0.5,2
4125,U5430@DOM1,1.0,2
2207,U6939@DOM1,1.0,2
2310,U2626@DOM1,0.5,2
2221,U4015@DOM1,0.5,2
2209,U1028@DOM1,1.0,2
2202,U3032@DOM1,1.0,2
2198,U3589@DOM1,1.0,2
4060,U4917@DOM1,0.5,2
2323,U1077@DOM1,1.0,2
2230,U2680@DOM1,1.0,2
2232,U2148@DOM1,1.0,2
3997,U6050@DOM1,0.5,2
4014,U2506@DOM1,1.0,2
4015,U5563@DOM1,1.0,2
2298,U1338@DOM1,1.0,2
2299,U6157@DOM1,1.0,2
2303,U5601@DOM1,1.0,2
2259,U4250@DOM1,1.0,2
2257,U3860@DOM1,1.0,2
2241,U3960@DOM1,1.0,2
2184,U451@DOM1,1.0,2
4124,U2458@DOM1,1.0,2
2354,U4542@DOM1,1.0,2
3962,U3546@DOM1,1.0,2
2121,U4597@DOM1,1.0,2
2183,U6398@DOM1,1.0,2
4115,U3249@DOM1,1.0,2
2348,U5410@DOM1,1.0,2
2182,U5937@DOM1,1.0,2
2173,U900@DOM1,1.0,2
2163,U2159@DOM1,0.5,2
2158,U3188@DOM1,0.5,2
2151,U1943@DOM1,1.0,2
2150,U6831@DOM1,1.0,2
2146,U4115@DOM1,0.5,2
2144,U5579@DOM1,1.0,2
4252,U2324@DOM1,0.5,2
1563,U3183@DOM1,1.0,2
4417,U5920@DOM1,1.0,2
1670,U6772@DOM1,1.0,2
3827,U3346@DOM1,1.0,2
1658,U6082@DOM1,1.0,2
4419,U4146@DOM1,1.0,2
1643,U2871@DOM1,1.0,2
2571,U2377@DOM1,1.0,2
2551,U741@DOM1,1.0,2
1696,U6058@DOM1,1.0,2
1695,U6208@DOM1,1.0,2
3818,U6183@DOM1,1.0,2
3817,U1438@DOM1,1.0,2
3846,U1153@DOM1,1.0,2
2583,U4460@DOM1,1.0,2
4459,U4759@DOM1,1.0,2
1592,U1321@DOM1,1.0,2
4474,U2476@DOM1,1.0,2
2602,U2413@DOM1,0.5,2
4453,U2922@DOM1,0.5,2
4451,U2303@DOM1,1.0,2
4445,U149@DOM1,1.0,2
4447,U7202@DOM1,1.0,2
3811,U6091@DOM1,1.0,2
4450,U2354@DOM1,1.0,2
1865,U2793@DOM1,0.5,2
1861,U2394@DOM1,1.0,2
4282,U6852@DOM1,1.0,2
1857,U2764@DOM1,1.0,2
4278,U3432@DOM1,0.5,2
3897,U1168@DOM1,1.0,2
1895,U3779@DOM1,1.0,2
2457,U1609@DOM1,1.0,2
1887,U1496@DOM1,0.5,2
2461,U5238@DOM1,1.0,2
4271,U2550@DOM1,1.0,2
1818,U2666@DOM1,1.0,2
2519,U2841@DOM1,0.5,2
3876,U3839@DOM1,1.0,2
2522,U1925@DOM1,1.0,2
1744,U3078@DOM1,0.5,2
1774,U6160@DOM1,1.0,2
1816,U6297@DOM1,1.0,2
1812,U4653@DOM1,0.5,2
2501,U5851@DOM1,1.0,2
3864,U6848@DOM1,1.0,2
4685,U2648@DOM1,1.0,2
5160,U2816@DOM1,1.0,2
3082,U7150@DOM1,1.0,2
5169,U3901@DOM1,1.0,2
5173,U4845@DOM1,1.0,2
5178,U2499@DOM1,1.0,2
3094,U4057@DOM1,1.0,2
515,U3761@DOM1,1.0,2
3063,U2906@DOM1,0.5,2
3493,U2010@DOM1,1.0,2
5137,U1017@DOM1,1.0,2
5140,U2790@DOM1,1.0,2
5142,U2104@DOM1,1.0,2
3065,U1951@DOM1,1.0,2
5145,U4295@DOM1,1.0,2
5147,U5512@DOM1,0.5,2
3069,U3049@DOM1,0.5,2
3472,U6125@DOM1,1.0,2
455,U2078@DOM1,1.0,2
3455,U7052@DOM1,0.5,2
440,U4671@DOM1,1.0,2
435,U3920@DOM1,1.0,2
429,U5374@DOM1,1.0,2
5251,U2554@DOM1,1.0,2
463,U4276@DOM1,0.5,2
466,U1320@DOM1,1.0,2
3107,U5066@DOM1,1.0,2
493,U5984@DOM1,1.0,2
3112,U4668@DOM1,1.0,2
3463,U2341@DOM1,1.0,2
483,U1980@DOM1,1.0,2
5215,U1424@DOM1,0.5,2
3497,U861@DOM1,1.0,2
5026,U223@DOM1,1.0,2
742,U543@DOM1,1.0,2
3531,U5861@DOM1,1.0,2
3527,U2289@DOM1,1.0,2
2983,U6219@DOM1,1.0,2
3052,U5953@DOM1,1.0,2
4993,U3939@DOM1,0.5,2
3552,U2880@DOM1,1.0,2
2968,U5448@DOM1,0.5,2
778,U2970@DOM1,0.5,2
772,U3554@DOM1,1.0,2
771,U4897@DOM1,1.0,2
3543,U6539@DOM1,1.0,2
3542,U914@DOM1,1.0,2
704,U1970@DOM1,1.0,2
644,U3954@DOM1,1.0,2
3043,U1964@DOM1,1.0,2
3046,U6888@DOM1,0.5,2
5118,U2902@DOM1,0.5,2
3048,U7267@DOM1,0.5,2
3037,U6107@DOM1,1.0,2
3019,U5570@DOM1,0.5,2
3515,U5980@DOM1,1.0,2
668,U4924@DOM1,1.0,2
5091,U7228@DOM1,1.0,2
5093,U7007@DOM1,0.5,2
3032,U6681@DOM1,1.0,2
5442,U111@DOM1,1.0,2
5443,U6986@DOM1,1.0,2
3267,U4892@DOM1,0.5,2
121,U3088@DOM1,0.5,2
115,U6483@DOM1,0.5,2
3271,U6517@DOM1,1.0,2
3361,U6657@DOM1,1.0,2
102,U4675@DOM1,0.5,2
3277,U3386@DOM1,1.0,2
159,U4695@DOM1,1.0,2
5406,U4925@DOM1,1.0,2
5408,U1501@DOM1,1.0,2
178,U2433@DOM1,0.5,2
3248,U7142@DOM1,1.0,2
148,U6628@DOM1,1.0,2
3370,U4091@DOM1,1.0,2
5461,U3636@DOM1,1.0,2
5462,U3758@DOM1,1.0,2
3335,U6277@DOM1,1.0,2
33,U4680@DOM1,1.0,2
5504,U6303@DOM1,1.0,2
5505,U2034@DOM1,1.0,2
25,U4475@DOM1,1.0,2
95,U5456@DOM1,1.0,2
15,U150@DOM1,1.0,2
3319,U4620@DOM1,1.0,2
4,U6613@DOM1,1.0,2
3326,U1418@DOM1,1.0,2
50,U4104@DOM1,1.0,2
3344,U1122@DOM1,1.0,2
86,U4785@DOM1,1.0,2
3285,U5478@DOM1,0.5,2
72,U2306@DOM1,1.0,2
5477,U3108@DOM1,1.0,2
3352,U4842@DOM1,1.0,2
69,U2111@DOM1,1.0,2
68,U140@DOM1,1.0,2
353,U7205@DOM1,0.5,2
340,U5443@DOM1,1.0,2
3176,U1469@DOM1,0.5,2
5327,U1916@DOM1,1.0,2
5315,U2740@DOM1,0.5,2
313,U4112@DOM1,0.5,2
357,U5417@DOM1,1.0,2
5262,U5317@DOM1,1.0,2
5266,U4385@DOM1,1.0,2
392,U2724@DOM1,1.0,2
391,U2693@DOM1,1.0,2
389,U6520@DOM1,1.0,2
383,U4789@DOM1,1.0,2
3151,U1926@DOM1,1.0,2
378,U4744@DOM1,0.5,2
5279,U999@DOM1,1.0,2
5282,U3018@DOM1,1.0,2
5397,U2652@DOM1,1.0,2
5381,U3791@DOM1,1.0,2
234,U4952@DOM1,1.0,2
231,U563@DOM1,1.0,2
3224,U6665@DOM1,1.0,2
3225,U4749@DOM1,0.5,2
5374,U3267@DOM1,1.0,2
226,U6336@DOM1,1.0,2
3227,U2611@DOM1,1.0,2
216,U1440@DOM1,1.0,2
302,U2779@DOM1,1.0,2
3236,U3334@DOM1,1.0,2
3403,U3752@DOM1,0.5,2
5349,U2040@DOM1,1.0,2
5347,U3556@DOM1,1.0,2
292,U5343@DOM1,0.5,2
284,U5195@DOM1,1.0,2
3408,U2836@DOM1,0.5,2
5345,U3176@DOM1,1.0,2
269,U6074@DOM1,1.0,2
265,U6235@DOM1,0.5,2
264,U5386@DOM1,0.5,2
2963,U7079@DOM1,1.0,2
4881,U3717@DOM1,0.5,2
959,U4998@DOM1,0.5,2
2888,U5612@DOM1,0.5,2
961,U831@DOM1,1.0,2
4879,U3700@DOM1,0.5,2
963,U3551@DOM1,1.0,2
1146,U3190@DOM1,1.0,2
4878,U1108@DOM1,1.0,2
4876,U6751@DOM1,0.5,2
1138,U2351@DOM1,1.0,2
4872,U2912@DOM1,1.0,2
3612,U4403@DOM1,1.0,2
3679,U3828@DOM1,0.5,2
4911,U4282@DOM1,1.0,2
2786,U748@DOM1,1.0,2
917,U2279@DOM1,0.5,2
4740,U4784@DOM1,1.0,2
4897,U1870@DOM1,1.0,2
1161,U5844@DOM1,1.0,2
1137,U4242@DOM1,1.0,2
2813,U2470@DOM1,1.0,2
1039,U1285@DOM1,1.0,2
4788,U3341@DOM1,1.0,2
4823,U2375@DOM1,1.0,2
3636,U3484@DOM1,1.0,2
3646,U5688@DOM1,1.0,2
4814,U7210@DOM1,0.5,2
4811,U3001@DOM1,1.0,2
2842,U1881@DOM1,1.0,2
1080,U7128@DOM1,1.0,2
1084,U1268@DOM1,1.0,2
2836,U3352@DOM1,1.0,2
2835,U4340@DOM1,1.0,2
4838,U6142@DOM1,0.5,2
3626,U1958@DOM1,1.0,2
992,U7147@DOM1,1.0,2
4771,U4982@DOM1,0.5,2
1131,U3913@DOM1,1.0,2
996,U6622@DOM1,0.5,2
4860,U915@DOM1,1.0,2
1005,U2346@DOM1,0.5,2
3657,U3204@DOM1,1.0,2
4847,U1917@DOM1,1.0,2
4844,U6670@DOM1,1.0,2
4843,U2895@DOM1,1.0,2
1119,U2838@DOM1,1.0,2
1027,U3181@DOM1,1.0,2
1117,U7050@DOM1,0.5,2
1116,U5197@DOM1,1.0,2
4800,U145@DOM1,1.0,2
4708,U6433@DOM1,1.0,2
4945,U4008@DOM1,1.0,2
1242,U5140@DOM1,1.0,2
873,U4350@DOM1,0.5,2
4940,U6873@DOM1,1.0,2
878,U5385@DOM1,0.5,2
879,U4032@DOM1,0.5,2
2769,U1979@DOM1,1.0,2
1208,U3089@DOM1,1.0,2
1245,U5514@DOM1,1.0,2
4696,U5893@DOM1,1.0,2
846,U4134@DOM1,0.5,2
4701,U1221@DOM1,1.0,2
841,U1637@DOM1,1.0,2
1219,U324@DOM1,1.0,2
2775,U3820@DOM1,1.0,2
814,U4433@DOM1,1.0,2
4934,U422@DOM1,1.0,2
810,U5832@DOM1,1.0,2
2779,U4411@DOM1,0.5,2
4930,U3674@DOM1,1.0,2
4932,U6721@DOM1,1.0,2
3563,U4310@DOM1,1.0,2
4926,U5142@DOM1,1.0,2
1248,U5927@DOM1,1.0,2
4977,U532@DOM1,1.0,2
825,U6190@DOM1,1.0,2
3643,U50@DOM1,1.0,1
3424,U4423@DOM1,1.0,1
3655,U5982@DOM3,0.0,1
3329,U439@DOM1,1.0,1
3741,U6065@DOM1,1.0,1
3414,U1462@DOM1,1.0,1
3744,U6360@DOM1,1.0,1
3941,U3985@DOM1,1.0,1
3417,U4572@DOM1,1.0,1
3413,U2013@DOM1,1.0,1
3333,U6985@DOM1,1.0,1
3940,U7291@DOM1,1.0,1
3743,U1048@DOM1,1.0,1
3938,U2456@DOM1,1.0,1
3945,U5924@DOM1,1.0,1
3704,U4298@DOM1,1.0,1
3345,U6660@DOM1,1.0,1
3952,U5141@DOM1,1.0,1
3673,U394@DOM1,1.0,1
3975,U2272@DOM1,1.0,1
3372,U5858@DOM1,1.0,1
3686,U7057@DOM1,1.0,1
3670,U1887@DOM1,1.0,1
3360,U2082@DOM1,1.0,1
3674,U4320@DOM1,1.0,1
3978,U5023@DOM1,1.0,1
3982,U3607@DOM1,1.0,1
3722,U7063@DOM1,1.0,1
3717,U7036@DOM1,1.0,1
3368,U1094@DOM1,1.0,1
3983,U3793@DOM1,1.0,1
3675,U4756@DOM1,1.0,1
3976,U2429@DOM1,1.0,1
3668,U2942@DOM1,1.0,1
3666,U2938@DOM1,1.0,1
3379,U5016@DOM1,1.0,1
3711,U5349@DOM1,1.0,1
3390,U587@DOM1,1.0,1
3953,U535@DOM1,1.0,1
3732,U5623@DOM1,1.0,1
3693,U2083@DOM1,1.0,1
3992,U5076@DOM1,1.0,1
3961,U102@DOM1,1.0,1
3963,U1630@DOM1,1.0,1
3355,U6231@DOM1,1.0,1
3989,U3338@DOM1,1.0,1
3730,U6814@DOM1,1.0,1
3378,U4066@DOM1,1.0,1
3588,U3279@DOM1,1.0,1
3796,U6788@DOM1,1.0,1
3586,U7073@DOM1,1.0,1
3852,U489@DOM1,1.0,1
3508,U590@DOM1,1.0,1
3849,U1057@DOM1,1.0,1
3848,U7239@DOM1,1.0,1
3804,U3323@DOM1,1.0,1
3805,U5676@DOM1,1.0,1
3518,U2647@DOM1,1.0,1
3519,U2706@DOM1,1.0,1
3590,U2389@DOM1,1.0,1
3591,U6158@DOM1,1.0,1
3868,U3681@DOM1,1.0,1
3785,U5610@DOM1,1.0,1
3862,U2392@DOM1,1.0,1
3859,U1861@DOM1,1.0,1
3592,U6754@DOM1,1.0,1
3828,U3557@DOM1,1.0,1
3826,U3233@DOM1,1.0,1
3823,U2422@DOM1,1.0,1
3551,U2682@DOM1,1.0,1
3819,U1124@DOM1,1.0,1
3572,U3818@DOM1,1.0,1
3844,U1015@DOM1,1.0,1
3523,U2086@DOM1,1.0,1
3835,U4026@DOM1,1.0,1
3530,U5106@DOM1,1.0,1
3532,U940@DOM1,1.0,1
3872,U4648@DOM1,1.0,1
3627,U6664@DOM1,1.0,1
3453,U103@DOM1,1.0,1
3757,U5789@DOM1,1.0,1
3624,U3675@DOM1,1.0,1
3759,U5964@DOM1,1.0,1
3907,U2817@DOM1,1.0,1
3905,U233@DOM1,1.0,1
3904,U7230@DOM1,1.0,1
3432,U6528@DOM1,1.0,1
3433,U6602@DOM1,1.0,1
3434,U7056@DOM1,1.0,1
3435,U2981@DOM1,1.0,1
3438,U3207@DOM1,1.0,1
3637,U1905@DOM1,1.0,1
3924,U6565@DOM1,1.0,1
3752,U1082@DOM1,1.0,1
3920,U7103@DOM1,1.0,1
3441,U564@DOM1,1.0,1
3479,U3459@DOM1,1.0,1
3887,U2317@DOM1,1.0,1
3480,U1873@DOM1,1.0,1
3880,U6118@DOM1,1.0,1
3488,U5361@DOM1,1.0,1
3489,U6234@DOM1,1.0,1
3782,U2399@DOM1,1.0,1
3877,U6400@DOM27,1.0,1
3491,U3626@DOM1,1.0,1
3889,U5555@DOM1,1.0,1
3890,U5786@DOM1,1.0,1
3462,U2273@DOM1,1.0,1
3769,U207@DOM1,1.0,1
3770,U6472@DOM1,1.0,1
3896,U925@DOM1,1.0,1
3469,U6225@DOM1,1.0,1
3894,U3915@DOM1,1.0,1
3611,U5042@DOM1,1.0,1
3473,U6739@DOM1,1.0,1
5005,U1992@DOM1,1.0,1
5009,U2381@DOM1,1.0,1
5016,U4072@DOM1,1.0,1
5021,U6199@DOM1,1.0,1
5025,U2005@DOM1,1.0,1
5027,U1231@DOM1,1.0,1
5033,U2842@DOM1,1.0,1
5035,U6510@DOM1,1.0,1
4998,U2546@DOM1,1.0,1
4997,U5662@DOM1,1.0,1
4975,U5179@DOM1,1.0,1
4968,U465@DOM1,1.0,1
4979,U1183@DOM1,1.0,1
4980,U3868@DOM1,1.0,1
4983,U4326@DOM1,1.0,1
4984,U4386@DOM1,1.0,1
4985,U4601@DOM1,1.0,1
4991,U5750@DOM1,1.0,1
5042,U3926@DOM1,1.0,1
4953,U1363@DOM1,1.0,1
5100,U404@DOM1,1.0,1
5105,U218@DOM1,1.0,1
5115,U3879@DOM1,1.0,1
5124,U1956@DOM1,1.0,1
5126,U7258@DOM1,1.0,1
5136,U2892@DOM1,1.0,1
5098,U5787@DOM1,1.0,1
5052,U2316@DOM1,1.0,1
5055,U1215@DOM1,1.0,1
5056,U5509@DOM1,1.0,1
5057,U5622@DOM1,1.0,1
5084,U2001@DOM1,1.0,1
5085,U2007@DOM1,1.0,1
5092,U6997@DOM1,1.0,1
4952,U5137@DOM1,1.0,1
4007,U2846@DOM1,1.0,1
4852,U2030@DOM1,1.0,1
4807,U6341@DOM1,1.0,1
4808,U694@DOM1,1.0,1
4817,U2710@DOM1,1.0,1
4822,U3025@DOM1,1.0,1
4828,U425@DOM1,1.0,1
4830,U976@DOM1,1.0,1
4831,U2271@DOM1,1.0,1
4845,U3887@DOM1,1.0,1
4848,U3276@DOM1,1.0,1
4849,U3388@DOM1,1.0,1
4850,U1952@DOM1,1.0,1
4802,U4257@DOM1,1.0,1
4778,U7181@DOM1,1.0,1
4762,U3831@DOM1,1.0,1
4770,U4565@DOM1,1.0,1
4779,U6819@DOM1,1.0,1
4780,U7141@DOM1,1.0,1
4786,U3255@DOM1,1.0,1
4793,U6736@DOM1,1.0,1
4796,U5465@DOM1,1.0,1
4797,U5551@DOM1,1.0,1
4851,U1962@DOM1,1.0,1
4916,U5314@DOM1,1.0,1
4918,U2884@DOM1,1.0,1
4922,U6287@DOM1,1.0,1
4933,U7059@DOM1,1.0,1
4936,U2894@DOM1,1.0,1
4938,U503@DOM1,1.0,1
4943,U5599@DOM1,1.0,1
4948,U4051@DOM1,1.0,1
4950,U4157@DOM1,1.0,1
4906,U5928@DOM1,1.0,1
4904,U1634@DOM1,1.0,1
4858,U835@DOM1,1.0,1
4863,U5315@DOM1,1.0,1
4868,U5293@DOM1,1.0,1
4874,U2479@DOM1,1.0,1
4877,U5643@DOM1,1.0,1
4880,U3712@DOM1,1.0,1
4895,U2686@DOM1,1.0,1
4901,U2477@DOM1,1.0,1
5378,U6706@DOM1,1.0,1
5379,U144@DOM1,1.0,1
5383,U4086@DOM1,1.0,1
5390,U5401@DOM1,1.0,1
5409,U3623@DOM1,1.0,1
5417,U2720@DOM1,1.0,1
5419,U2873@DOM1,1.0,1
5376,U3325@DOM1,1.0,1
5354,U209@DOM1,1.0,1
5336,U6580@DOM1,1.0,1
5341,U2531@DOM1,1.0,1
5361,U4877@DOM1,1.0,1
5364,U6217@DOM1,1.0,1
5365,U6314@DOM1,1.0,1
5495,U6191@DOM1,1.0,1
5502,U6823@DOM1,1.0,1
5507,U474@DOM1,1.0,1
5508,U3107@DOM1,1.0,1
5512,U2577@DOM1,1.0,1
5513,U4109@DOM1,1.0,1
5454,U2177@DOM1,1.0,1
5445,U2861@DOM1,1.0,1
5448,U736@DOM1,1.0,1
5449,U546@DOM1,1.0,1
5451,U2296@DOM1,1.0,1
5453,U1918@DOM1,1.0,1
5455,U2257@DOM1,1.0,1
5458,U2402@DOM1,1.0,1
5466,U4843@DOM1,1.0,1
5467,U6168@DOM1,1.0,1
5469,U2932@DOM1,1.0,1
5333,U6370@DOM1,1.0,1
5192,U5614@DOM1,1.0,1
5195,U3389@DOM1,1.0,1
5197,U3769@DOM1,1.0,1
5208,U6519@DOM1,1.0,1
5211,U5437@DOM1,1.0,1
5212,U7146@DOM1,1.0,1
5216,U336@DOM1,1.0,1
5219,U3332@DOM1,1.0,1
5221,U2041@DOM1,1.0,1
5224,U6872@DOM1,1.0,1
5225,U6905@DOM1,1.0,1
5232,U6035@DOM1,1.0,1
5235,U3885@DOM1,1.0,1
5162,U5967@DOM1,1.0,1
5154,U4832@DOM1,1.0,1
5156,U5109@DOM1,1.0,1
5161,U7810@DOM1,0.0,1
5164,U3245@DOM1,1.0,1
5167,U6789@DOM1,1.0,1
5168,U3933@DOM1,1.0,1
5171,U4594@DOM1,1.0,1
5174,U4126@DOM1,1.0,1
5185,U3186@DOM1,1.0,1
5301,U4562@DOM1,1.0,1
5302,U5026@DOM1,1.0,1
5306,U4957@DOM1,1.0,1
5309,U6320@DOM1,1.0,1
5320,U2215@DOM1,1.0,1
5240,U4977@DOM1,1.0,1
5241,U5056@DOM1,1.0,1
5246,U6601@DOM1,1.0,1
5249,U4841@DOM1,1.0,1
5254,U3153@DOM1,1.0,1
5263,U5542@DOM1,1.0,1
5264,U5885@DOM1,1.0,1
5288,U2396@DOM1,1.0,1
5280,U2588@DOM1,1.0,1
5287,U3561@DOM1,1.0,1
4262,U4207@DOM1,1.0,1
4266,U6508@DOM1,1.0,1
4270,U531@DOM1,1.0,1
4276,U2899@DOM1,1.0,1
4286,U3994@DOM1,1.0,1
4290,U4445@DOM1,1.0,1
4293,U5159@DOM1,1.0,1
4251,U786@DOM1,1.0,1
4204,U2157@DOM1,1.0,1
4206,U2139@DOM1,1.0,1
4210,U3751@DOM1,1.0,1
4212,U4238@DOM1,1.0,1
4214,U4818@DOM1,1.0,1
4218,U6523@DOM1,1.0,1
4219,U6659@DOM1,1.0,1
4223,U2891@DOM1,1.0,1
4229,U1983@DOM1,1.0,1
4234,U6858@DOM1,1.0,1
4236,U5696@DOM1,1.0,1
4237,U5814@DOM1,1.0,1
4349,U1967@DOM1,1.0,1
4357,U3815@DOM1,1.0,1
4358,U3935@DOM1,1.0,1
4360,U4352@DOM1,1.0,1
4361,U4489@DOM1,1.0,1
4365,U5190@DOM1,1.0,1
4366,U5247@DOM1,1.0,1
4383,U1060@DOM1,1.0,1
4390,U146@DOM1,1.0,1
4309,U2791@DOM1,1.0,1
4313,U3312@DOM1,1.0,1
4314,U3446@DOM1,1.0,1
4315,U2027@DOM1,1.0,1
4318,U6899@DOM1,1.0,1
4323,U6863@DOM1,1.0,1
4329,U4611@DOM1,1.0,1
4330,U4794@DOM1,1.0,1
4331,U4927@DOM1,1.0,1
4200,U3302@DOM1,1.0,1
4198,U2777@DOM1,1.0,1
4062,U5077@DOM1,1.0,1
4067,U7115@DOM1,1.0,1
4074,U6343@DOM1,1.0,1
4076,U2051@DOM1,1.0,1
4084,U632@DOM1,1.0,1
4085,U1995@DOM1,1.0,1
4093,U5896@DOM1,1.0,1
4095,U3984@DOM1,1.0,1
4024,U4568@DOM1,1.0,1
4010,U2023@DOM1,1.0,1
4021,U3497@DOM1,1.0,1
4028,U858@DOM1,1.0,1
4035,U5856@DOM1,1.0,1
4037,U5796@DOM1,1.0,1
4044,U2989@DOM1,1.0,1
4045,U2188@DOM1,1.0,1
4048,U6926@DOM1,1.0,1
4176,U3588@DOM1,0.0,1
4152,U3642@DOM1,1.0,1
4153,U1735@DOM1,1.0,1
4157,U4610@DOM1,1.0,1
4160,U1642@DOM1,1.0,1
4163,U3757@DOM1,1.0,1
4164,U3641@DOM1,1.0,1
4177,U1192@DOM1,1.0,1
4178,U198@DOM1,1.0,1
4185,U4050@DOM1,1.0,1
4189,U476@DOM1,1.0,1
4195,U7246@DOM1,1.0,1
4102,U4890@DOM1,1.0,1
4104,U5256@DOM1,1.0,1
4106,U1414@DOM1,1.0,1
4108,U6117@DOM1,1.0,1
4109,U160@DOM1,1.0,1
4119,U2555@DOM1,1.0,1
4121,U3580@DOM1,1.0,1
4127,U6632@DOM1,1.0,1
4130,U5625@DOM1,1.0,1
4131,U5875@DOM1,1.0,1
4132,U4608@DOM1,1.0,1
4134,U5175@DOM1,1.0,1
4141,U117@DOM1,1.0,1
4144,U3136@DOM1,1.0,1
4669,U3910@DOM1,1.0,1
4629,U890@DOM1,1.0,1
4634,U2106@DOM1,1.0,1
4635,U821@DOM1,1.0,1
4636,U2260@DOM1,1.0,1
4638,U1067@DOM1,1.0,1
4646,U4429@DOM1,1.0,1
4652,U6162@DOM1,1.0,1
4654,U6382@DOM1,1.0,1
4660,U3236@DOM1,1.0,1
4663,U6903@DOM1,1.0,1
4666,U5903@DOM1,1.0,1
4621,U3068@DOM1,1.0,1
4601,U3336@DOM1,1.0,1
4596,U2664@DOM1,1.0,1
4620,U6369@DOM1,1.0,1
4604,U2480@DOM1,1.0,1
4607,U5511@DOM1,1.0,1
4612,U4364@DOM1,1.0,1
4619,U5369@DOM1,1.0,1
4671,U4074@DOM1,1.0,1
4724,U2270@DOM1,1.0,1
4728,U6757@DOM1,1.0,1
4730,U4950@DOM1,0.0,1
4736,U4181@DOM1,1.0,1
4738,U4537@DOM1,1.0,1
4743,U959@DOM1,1.0,1
4744,U5280@DOM1,1.0,1
4746,U1611@DOM1,1.0,1
4757,U1451@DOM1,1.0,1
4718,U2851@DOM1,1.0,1
4716,U2549@DOM1,1.0,1
4676,U4824@DOM1,1.0,1
4677,U4863@DOM1,1.0,1
4682,U2046@DOM1,1.0,1
4687,U3416@DOM1,1.0,1
4693,U6931@DOM1,1.0,1
4698,U5686@DOM1,1.0,1
4700,U3833@DOM1,1.0,1
4707,U2788@DOM1,1.0,1
4577,U4317@DOM1,1.0,1
4573,U5855@DOM1,1.0,1
4456,U2002@DOM1,1.0,1
4457,U2231@DOM1,1.0,1
4458,U2453@DOM1,1.0,1
4460,U2432@DOM1,1.0,1
4463,U3858@DOM1,1.0,1
4464,U3930@DOM1,1.0,1
4468,U1074@DOM1,1.0,1
4478,U2733@DOM1,1.0,1
4481,U3148@DOM1,1.0,1
4484,U2304@DOM1,1.0,1
4486,U2033@DOM1,1.0,1
4441,U826@DOM1,1.0,1
4403,U3211@DOM1,1.0,1
4404,U3515@DOM1,1.0,1
4407,U2490@DOM1,1.0,1
4409,U3510@DOM1,1.0,1
4412,U362@DOM1,1.0,1
4416,U6008@DOM1,1.0,1
4425,U2799@DOM1,1.0,1
4431,U5532@DOM1,1.0,1
4434,U1802@DOM1,1.0,1
4540,U3753@DOM1,1.0,1
4546,U903@DOM1,1.0,1
4549,U5171@DOM1,1.0,1
4553,U4427@DOM1,1.0,1
4554,U6399@DOM1,1.0,1
4558,U3353@DOM1,1.0,1
4561,U1228@DOM1,1.0,1
4566,U2345@DOM1,1.0,1
4537,U2357@DOM1,1.0,1
4535,U2071@DOM1,1.0,1
4514,U4742@DOM1,1.0,1
4506,U6426@DOM1,1.0,1
4509,U2775@DOM1,1.0,1
4513,U2230@DOM1,1.0,1
4515,U5918@DOM1,1.0,1
4534,U1990@DOM1,1.0,1
4522,U5005@DOM1,1.0,1
4524,U6255@DOM1,1.0,1
4531,U3507@DOM1,1.0,1
0,U7087@DOM1,1.0,1
3323,U4859@DOM1,1.0,1
1103,U4025@DOM1,1.0,1
1097,U1824@DOM1,1.0,1
1136,U1360@DOM1,1.0,1
1088,U3140@DOM1,1.0,1
1107,U739@DOM1,1.0,1
1114,U7027@DOM1,1.0,1
1120,U3014@DOM1,1.0,1
1121,U3061@DOM1,1.0,1
1122,U3217@DOM1,1.0,1
1126,U5529@DOM1,1.0,1
1087,U1033@DOM1,1.0,1
1050,U938@DOM1,1.0,1
1054,U652@DOM1,1.0,1
1076,U5429@DOM1,1.0,1
1135,U6538@DOM1,1.0,1
1200,U3766@DOM1,1.0,1
1198,U5079@DOM1,1.0,1
1196,U681@DOM1,1.0,1
1192,U4130@DOM1,1.0,1
1190,U5977@DOM1,1.0,1
1187,U897@DOM1,1.0,1
1201,U6212@DOM1,1.0,1
1206,U134@DOM1,1.0,1
1211,U3235@DOM1,1.0,1
1217,U6656@DOM1,1.0,1
1220,U5746@DOM1,1.0,1
1185,U7319@DOM1,1.0,1
1160,U6331@DOM1,1.0,1
1149,U5982@DOM9,0.0,1
1150,U3772@DOM1,1.0,1
1153,U7610@DOM3,0.0,1
1159,U1401@DOM1,1.0,1
1165,U3627@DOM1,1.0,1
1166,U7107@DOM1,1.0,1
1173,U3082@DOM1,1.0,1
1175,U1010@DOM1,1.0,1
1179,U2137@DOM1,1.0,1
899,U5105@DOM1,1.0,1
897,U3624@DOM1,1.0,1
892,U3365@DOM1,1.0,1
1034,U1988@DOM1,1.0,1
891,U3315@DOM1,1.0,1
886,U7074@DOM1,1.0,1
885,U5743@DOM1,1.0,1
902,U4334@DOM1,1.0,1
905,U6257@DOM1,1.0,1
913,U2963@DOM1,1.0,1
915,U3252@DOM1,1.0,1
922,U712@DOM1,1.0,1
923,U5716@DOM1,1.0,1
880,U6461@DOM1,1.0,1
839,U2180@DOM1,1.0,1
842,U5766@DOM1,1.0,1
850,U5177@DOM1,1.0,1
852,U727@DOM1,1.0,1
857,U197@DOM1,1.0,1
864,U6981@DOM1,1.0,1
1006,U6275@DOM1,1.0,1
982,U4353@DOM1,1.0,1
998,U2858@DOM1,1.0,1
1001,U3199@DOM1,1.0,1
1002,U3347@DOM1,1.0,1
1003,U3503@DOM1,1.0,1
980,U3800@DOM1,1.0,1
1019,U6224@DOM1,1.0,1
1021,U1026@DOM1,1.0,1
928,U4318@DOM1,1.0,1
934,U6289@DOM1,1.0,1
935,U6264@DOM1,1.0,1
946,U3328@DOM1,1.0,1
950,U1971@DOM1,1.0,1
953,U5450@DOM1,1.0,1
958,U5114@DOM1,1.0,1
962,U6293@DOM1,1.0,1
966,U1354@DOM1,1.0,1
967,U1364@DOM1,1.0,1
969,U2732@DOM1,1.0,1
974,U5544@DOM1,1.0,1
975,U1127@DOM1,1.0,1
1227,U5041@DOM1,1.0,1
833,U2753@DOM1,1.0,1
1510,U6964@DOM1,1.0,1
1519,U4574@DOM1,1.0,1
1512,U5522@DOM1,1.0,1
1551,U6410@DOM1,1.0,1
1523,U4963@DOM1,1.0,1
1534,U3077@DOM1,1.0,1
1543,U3685@DOM1,1.0,1
1544,U3990@DOM1,1.0,1
1441,U6138@DOM1,1.0,1
1462,U4252@DOM1,1.0,1
1468,U6380@DOM1,1.0,1
1489,U5012@DOM1,1.0,1
1474,U1920@DOM1,1.0,1
1480,U165@DOM1,1.0,1
1487,U4554@DOM1,1.0,1
1549,U6084@DOM1,1.0,1
1610,U6448@DOM1,1.0,1
1614,U511@DOM1,1.0,1
1613,U430@DOM1,1.0,1
1607,U104@DOM1,1.0,1
1601,U2168@DOM1,1.0,1
1600,U2102@DOM1,1.0,1
1625,U2014@DOM1,1.0,1
1626,U2393@DOM1,1.0,1
1629,U1921@DOM1,1.0,1
1645,U1860@DOM1,1.0,1
1599,U1898@DOM1,1.0,1
1555,U6030@DOM1,1.0,1
1559,U2714@DOM1,1.0,1
1560,U2905@DOM1,1.0,1
1562,U3103@DOM1,1.0,1
1570,U5471@DOM1,1.0,1
1572,U3639@DOM1,1.0,1
1574,U3780@DOM1,1.0,1
1580,U949@DOM1,1.0,1
1290,U4355@DOM1,1.0,1
1294,U1856@DOM1,1.0,1
1289,U4400@DOM1,1.0,1
1288,U4274@DOM1,1.0,1
1285,U5619@DOM1,1.0,1
1284,U28@DOM1,1.0,1
1304,U680@DOM1,1.0,1
1325,U127@DOM1,1.0,1
1236,U1867@DOM1,1.0,1
1237,U2329@DOM1,1.0,1
1240,U6950@DOM1,1.0,1
1247,U5715@DOM1,1.0,1
1251,U6024@DOM1,1.0,1
1256,U4132@DOM1,1.0,1
1277,U2349@DOM1,1.0,1
1410,U1356@DOM1,1.0,1
1392,U668@DOM1,1.0,1
1396,U4156@DOM1,1.0,1
1397,U6466@DOM1,1.0,1
1402,U1052@DOM1,1.0,1
1405,U5729@DOM1,1.0,1
1409,U3669@DOM1,1.0,1
1386,U5965@DOM1,1.0,1
1429,U6994@DOM1,1.0,1
1431,U5852@DOM1,1.0,1
1388,U2656@DOM1,1.0,1
1385,U5826@DOM1,1.0,1
1353,U5453@DOM1,1.0,1
1354,U5749@DOM1,1.0,1
1384,U5765@DOM1,1.0,1
1366,U1303@DOM1,1.0,1
1374,U3205@DOM1,1.0,1
832,U2642@DOM1,1.0,1
273,U2978@DOM1,1.0,1
281,U2275@DOM1,1.0,1
263,U5050@DOM1,1.0,1
260,U3747@DOM1,1.0,1
287,U3585@DOM1,1.0,1
293,U1239@DOM1,1.0,1
300,U2998@DOM1,1.0,1
304,U3522@DOM1,1.0,1
305,U2203@DOM1,1.0,1
309,U6984@DOM1,1.0,1
217,U920@DOM1,1.0,1
219,U4902@DOM1,1.0,1
254,U771@DOM1,1.0,1
242,U552@DOM1,1.0,1
243,U6229@DOM1,0.0,1
388,U7137@DOM1,1.0,1
371,U5578@DOM1,1.0,1
398,U1869@DOM1,1.0,1
400,U2110@DOM1,1.0,1
402,U6919@DOM1,1.0,1
403,U6807@DOM1,1.0,1
405,U5575@DOM1,1.0,1
321,U6332@DOM1,1.0,1
322,U6365@DOM1,1.0,1
339,U264@DOM1,1.0,1
341,U5866@DOM1,1.0,1
342,U5886@DOM1,1.0,1
343,U4131@DOM1,1.0,1
351,U6607@DOM1,1.0,1
358,U3071@DOM1,0.0,1
362,U2949@DOM1,1.0,1
66,U3330@DOM1,1.0,1
75,U3852@DOM1,1.0,1
67,U3339@DOM1,1.0,1
210,U6079@DOM1,1.0,1
78,U4988@DOM1,1.0,1
79,U5013@DOM1,1.0,1
82,U6064@DOM1,1.0,1
91,U2096@DOM1,1.0,1
93,U6870@DOM1,1.0,1
96,U3706@DOM1,1.0,1
100,U4338@DOM1,1.0,1
101,U4439@DOM1,1.0,1
55,U92@DOM1,1.0,1
5,U6716@DOM1,1.0,1
19,U5608@DOM1,1.0,1
26,U4991@DOM1,1.0,1
28,U6347@DOM1,1.0,1
34,U6735@DOM1,1.0,1
38,U2806@DOM1,1.0,1
43,U4424@DOM1,1.0,1
47,U3732@DOM1,1.0,1
187,U4431@DOM1,1.0,1
166,U4108@DOM1,1.0,1
167,U4435@DOM1,1.0,1
168,U4571@DOM1,1.0,1
175,U2853@DOM1,1.0,1
179,U6667@DOM1,1.0,1
163,U1373@DOM1,1.0,1
189,U4688@DOM1,1.0,1
190,U4813@DOM1,1.0,1
191,U4930@DOM1,1.0,1
202,U1589@DOM1,1.0,1
110,U6283@DOM1,1.0,1
111,U6251@DOM1,0.0,1
120,U475@DOM1,1.0,1
122,U3099@DOM1,1.0,1
124,U3316@DOM1,1.0,1
125,U3355@DOM1,1.0,1
128,U350@DOM1,1.0,1
133,U7039@DOM1,1.0,1
136,U5629@DOM1,1.0,1
142,U6977@DOM1,1.0,1
154,U1892@DOM1,1.0,1
155,U1930@DOM1,1.0,1
156,U2154@DOM1,1.0,1
701,U453@DOM1,1.0,1
688,U3596@DOM1,1.0,1
707,U6782@DOM1,1.0,1
713,U4224@DOM1,1.0,1
714,U4735@DOM1,1.0,1
719,U3278@DOM1,1.0,1
684,U6733@DOM1,1.0,1
682,U6995@DOM1,1.0,1
634,U5901@DOM1,1.0,1
639,U3632@DOM1,1.0,1
641,U1691@DOM1,1.0,1
649,U1934@DOM1,1.0,1
651,U2451@DOM1,1.0,1
658,U3691@DOM1,1.0,1
659,U335@DOM1,1.0,1
667,U272@DOM1,1.0,1
674,U7055@DOM1,1.0,1
676,U3281@DOM1,1.0,1
791,U3835@DOM1,1.0,1
787,U5956@DOM1,1.0,1
785,U2309@DOM1,1.0,1
802,U2643@DOM1,1.0,1
808,U245@DOM1,1.0,1
818,U5196@DOM1,1.0,1
777,U450@DOM1,1.0,1
776,U2835@DOM1,1.0,1
733,U5617@DOM1,1.0,1
738,U5148@DOM1,1.0,1
739,U5215@DOM1,1.0,1
744,U1407@DOM1,1.0,1
746,U2455@DOM1,1.0,1
749,U542@DOM1,1.0,1
752,U3368@DOM1,1.0,1
754,U97@DOM1,1.0,1
755,U5234@DOM1,1.0,1
765,U5330@DOM1,1.0,1
628,U3282@DOM1,1.0,1
488,U7285@DOM1,1.0,1
486,U6923@DOM1,1.0,1
482,U250@DOM1,1.0,1
481,U35@DOM1,1.0,1
500,U73@DOM1,1.0,1
501,U4140@DOM1,1.0,1
505,U4430@DOM1,1.0,1
508,U4792@DOM1,1.0,1
517,U7222@DOM1,1.0,1
521,U2462@DOM1,1.0,1
443,U7173@DOM1,1.0,1
427,U1907@DOM1,1.0,1
438,U4301@DOM1,1.0,1
441,U5267@DOM1,1.0,1
450,U3095@DOM1,1.0,1
459,U3688@DOM1,1.0,1
524,U2017@DOM1,1.0,1
525,U2025@DOM1,1.0,1
581,U5871@DOM1,1.0,1
583,U3849@DOM1,1.0,1
604,U1872@DOM1,1.0,1
607,U5540@DOM1,1.0,1
615,U4858@DOM1,1.0,1
616,U5031@DOM1,1.0,1
572,U2831@DOM1,1.0,1
526,U2186@DOM1,1.0,1
531,U6478@DOM1,1.0,1
536,U467@DOM1,1.0,1
538,U737@DOM1,1.0,1
571,U2739@DOM1,1.0,1
562,U665@DOM1,1.0,1
1650,U1993@DOM1,1.0,1
1,U6417@DOM1,1.0,1
2768,U3223@DOM1,1.0,1
2753,U3853@DOM1,1.0,1
2752,U6007@DOM1,1.0,1
2774,U3715@DOM1,1.0,1
2782,U5181@DOM1,1.0,1
2784,U6123@DOM1,1.0,1
2788,U2179@DOM1,1.0,1
2791,U6798@DOM1,1.0,1
2792,U6865@DOM1,1.0,1
2750,U5698@DOM1,1.0,1
2745,U1538@DOM1,1.0,1
2696,U5090@DOM1,1.0,1
2700,U6375@DOM1,1.0,1
2710,U638@DOM1,1.0,1
2711,U6609@DOM1,1.0,1
2713,U6709@DOM1,1.0,1
2742,U2285@DOM1,1.0,1
2722,U843@DOM1,1.0,1
2725,U4758@DOM1,1.0,1
2730,U3239@DOM1,1.0,1
2875,U505@DOM1,1.0,1
2869,U5338@DOM1,1.0,1
2863,U4876@DOM1,1.0,1
2800,U5032@DOM1,1.0,1
2879,U2597@DOM1,1.0,1
2883,U2024@DOM1,1.0,1
2886,U5348@DOM1,1.0,1
2889,U5646@DOM1,1.0,1
2854,U4635@DOM1,1.0,1
2810,U2463@DOM1,1.0,1
2815,U2457@DOM1,1.0,1
2819,U3945@DOM1,1.0,1
2822,U5640@DOM1,1.0,1
2828,U4955@DOM1,1.0,1
2830,U7104@DOM1,1.0,1
2832,U6428@DOM1,1.0,1
2837,U6248@DOM1,1.0,1
2841,U3433@DOM1,1.0,1
2846,U2247@DOM1,1.0,1
2694,U494@DOM1,1.0,1
2691,U3597@DOM1,1.0,1
2560,U809@DOM1,1.0,1
2558,U5384@DOM1,1.0,1
2547,U5168@DOM1,1.0,1
2542,U3327@DOM1,1.0,1
2569,U3040@DOM1,1.0,1
2541,U3007@DOM1,1.0,1
2492,U2834@DOM1,1.0,1
2494,U3134@DOM1,1.0,1
2500,U5477@DOM1,1.0,1
2502,U5989@DOM1,1.0,1
2503,U4103@DOM1,1.0,1
2504,U4229@DOM1,1.0,1
2512,U5761@DOM1,1.0,1
2517,U177@DOM1,1.0,1
2526,U5577@DOM1,1.0,1
2527,U5812@DOM1,1.0,1
2537,U2447@DOM1,1.0,1
2650,U4373@DOM1,1.0,1
2655,U930@DOM1,1.0,1
2669,U5163@DOM1,1.0,1
2670,U6140@DOM1,1.0,1
2681,U1744@DOM1,1.0,1
2682,U3069@DOM1,1.0,1
2599,U3470@DOM1,1.0,1
2603,U2419@DOM1,1.0,1
2611,U3262@DOM1,1.0,1
2614,U4031@DOM1,1.0,1
2617,U4634@DOM1,1.0,1
2618,U5085@DOM1,1.0,1
2621,U5420@DOM1,1.0,1
2627,U5233@DOM1,1.0,1
2636,U3786@DOM1,1.0,1
2899,U4878@DOM1,1.0,1
3187,U1572@DOM1,1.0,1
3194,U4098@DOM1,1.0,1
3193,U1783@DOM1,1.0,1
3191,U3611@DOM1,1.0,1
3184,U2335@DOM1,1.0,1
3175,U1487@DOM1,1.0,1
3198,U5412@DOM1,1.0,1
3203,U2759@DOM1,1.0,1
3206,U3266@DOM1,1.0,1
3212,U517@DOM1,1.0,1
3213,U6797@DOM1,1.0,1
3218,U4593@DOM1,1.0,1
3169,U6025@DOM1,1.0,1
3119,U3369@DOM1,1.0,1
3120,U3191@DOM1,1.0,1
3122,U3448@DOM1,1.0,1
3132,U4260@DOM1,1.0,1
3156,U2359@DOM1,1.0,1
3160,U2253@DOM1,1.0,1
3219,U6222@DOM1,1.0,1
2902,U6322@DOM1,1.0,1
3297,U6203@DOM1,1.0,1
3296,U5390@DOM1,1.0,1
3293,U5078@DOM1,1.0,1
3292,U891@DOM1,1.0,1
3287,U3904@DOM1,1.0,1
3299,U6062@DOM3,0.0,1
3300,U1885@DOM1,1.0,1
3306,U6032@DOM1,1.0,1
3309,U1237@DOM1,1.0,1
3278,U3548@DOM1,1.0,1
3252,U2069@DOM1,1.0,1
3232,U2062@DOM1,1.0,1
3235,U5883@DOM1,1.0,1
3240,U4001@DOM1,1.0,1
3241,U4673@DOM1,1.0,1
3251,U3165@DOM1,1.0,1
3253,U2167@DOM1,1.0,1
3275,U2848@DOM1,1.0,1
3263,U4717@DOM1,1.0,1
3265,U4796@DOM1,1.0,1
3270,U6513@DOM1,1.0,1
3118,U3230@DOM1,1.0,1
3115,U2630@DOM1,1.0,1
2970,U5838@DOM1,1.0,1
2967,U728@DOM1,1.0,1
2965,U2911@DOM1,1.0,1
3114,U2593@DOM1,1.0,1
2956,U3807@DOM1,1.0,1
2978,U5323@DOM1,1.0,1
2981,U6378@DOM1,1.0,1
2987,U7078@DOM1,1.0,1
2990,U2969@DOM1,1.0,1
2991,U3043@DOM1,1.0,1
2993,U3232@DOM1,1.0,1
2904,U5167@DOM1,1.0,1
2905,U6490@DOM1,1.0,1
2911,U3096@DOM1,1.0,1
2914,U2094@DOM1,1.0,1
2916,U2236@DOM1,1.0,1
2919,U7235@DOM1,1.0,1
2948,U3707@DOM1,1.0,1
2927,U5445@DOM1,1.0,1
3086,U2544@DOM1,1.0,1
3059,U6906@DOM1,1.0,1
3067,U2452@DOM1,1.0,1
3073,U997@DOM1,1.0,1
3075,U4558@DOM1,1.0,1
3080,U6113@DOM1,1.0,1
3087,U3587@DOM1,1.0,1
3093,U3725@DOM1,1.0,1
3101,U4973@DOM1,1.0,1
3103,U6067@DOM1,1.0,1
3111,U7217@DOM1,1.0,1
3113,U2524@DOM1,1.0,1
3007,U4308@DOM1,1.0,1
3018,U6177@DOM1,1.0,1
3021,U3670@DOM1,1.0,1
3025,U3689@DOM1,1.0,1
3028,U4906@DOM1,1.0,1
3038,U513@DOM1,1.0,1
3049,U7026@DOM1,1.0,1
2491,U931@DOM1,1.0,1
1929,U3160@DOM1,1.0,1
1916,U5052@DOM1,1.0,1
1960,U4128@DOM1,1.0,1
1915,U1343@DOM1,1.0,1
1909,U5925@DOM1,1.0,1
1937,U2355@DOM1,1.0,1
1938,U2579@DOM1,1.0,1
1957,U3405@DOM1,1.0,1
1908,U5829@DOM1,1.0,1
1855,U6501@DOM1,1.0,1
1858,U4414@DOM1,1.0,1
1870,U3428@DOM1,1.0,1
1878,U3686@DOM1,1.0,1
1904,U7229@DOM1,1.0,1
1885,U986@DOM1,1.0,1
1888,U5389@DOM1,1.0,1
1896,U2606@DOM1,1.0,1
1959,U2129@DOM1,1.0,1
2060,U4801@DOM1,1.0,1
2020,U706@DOM1,1.0,1
2014,U4499@DOM1,1.0,1
2039,U4265@DOM1,1.0,1
2041,U6122@DOM1,1.0,1
2042,U3655@DOM1,1.0,1
2007,U6800@DOM1,1.0,1
1965,U755@DOM1,1.0,1
1976,U767@DOM1,1.0,1
1986,U4541@DOM1,1.0,1
1991,U6126@DOM1,1.0,1
1993,U4060@DOM1,1.0,1
1994,U822@DOM1,1.0,1
1998,U1115@DOM1,1.0,1
2002,U3122@DOM1,1.0,1
1850,U4456@DOM1,1.0,1
1714,U3195@DOM1,1.0,1
1712,U2707@DOM1,1.0,1
1728,U4741@DOM1,1.0,1
1740,U6184@DOM1,1.0,1
1743,U1924@DOM1,1.0,1
1654,U4791@DOM1,1.0,1
1655,U4916@DOM1,1.0,1
1664,U7069@DOM1,1.0,1
1665,U2860@DOM1,1.0,1
1677,U4626@DOM1,1.0,1
1686,U6663@DOM1,1.0,1
1690,U3006@DOM1,1.0,1
1692,U2000@DOM1,1.0,1
1752,U4149@DOM1,0.0,1
1829,U4734@DOM1,1.0,1
1815,U6232@DOM1,1.0,1
1820,U3120@DOM1,1.0,1
1828,U4293@DOM1,1.0,1
1846,U3511@DOM1,1.0,1
1848,U3647@DOM1,1.0,1
1775,U5860@DOM1,1.0,1
1759,U5350@DOM1,1.0,1
1760,U6204@DOM1,1.0,1
1761,U7048@DOM3,0.0,1
1767,U5824@DOM1,1.0,1
1770,U2620@DOM1,1.0,1
1772,U3421@DOM1,1.0,1
1773,U2118@DOM1,1.0,1
1790,U3172@DOM1,1.0,1
2351,U4249@DOM1,1.0,1
2356,U5298@DOM1,1.0,1
2353,U6083@DOM1,1.0,1
2352,U2307@DOM1,1.0,1
2344,U2073@DOM1,1.0,1
2359,U2786@DOM1,1.0,1
2360,U3091@DOM1,1.0,1
2361,U3115@DOM1,1.0,1
2364,U3819@DOM1,1.0,1
2371,U6089@DOM1,1.0,1
2379,U5381@DOM1,1.0,1
2381,U2509@DOM1,1.0,1
2382,U3321@DOM1,1.0,1
2336,U3263@DOM1,1.0,1
2280,U2364@DOM1,1.0,1
2286,U725@DOM1,1.0,1
2289,U4169@DOM1,1.0,1
2291,U4387@DOM1,1.0,1
2304,U7188@DOM1,1.0,1
2308,U6394@DOM1,1.0,1
2311,U2692@DOM1,1.0,1
2317,U2171@DOM1,1.0,1
2319,U5039@DOM1,1.0,1
2322,U3883@DOM1,1.0,1
2387,U286@DOM1,1.0,1
2462,U6696@DOM1,1.0,1
2458,U6492@DOM27,1.0,1
2452,U56@DOM1,1.0,1
2446,U1615@DOM1,1.0,1
2468,U2741@DOM1,1.0,1
2475,U3889@DOM1,1.0,1
2476,U4023@DOM1,1.0,1
2483,U5284@DOM1,1.0,1
2484,U6170@DOM1,1.0,1
2487,U1212@DOM1,1.0,1
2395,U4609@DOM1,1.0,1
2401,U6402@DOM1,1.0,1
2403,U4799@DOM1,1.0,1
2406,U4569@DOM1,1.0,1
2433,U4324@DOM1,1.0,1
2417,U3145@DOM1,1.0,1
2420,U5660@DOM1,1.0,1
2423,U5837@DOM1,1.0,1
2426,U4241@DOM1,1.0,1
2430,U657@DOM1,1.0,1
2276,U2690@DOM1,1.0,1
2134,U3466@DOM1,1.0,1
2131,U3187@DOM1,1.0,1
2130,U778@DOM1,1.0,1
2127,U781@DOM1,1.0,1
2139,U2420@DOM1,1.0,1
2143,U5508@DOM1,1.0,1
2149,U2547@DOM1,1.0,1
2152,U6707@DOM1,1.0,1
2153,U6868@DOM1,1.0,1
2162,U2142@DOM1,1.0,1
2111,U960@DOM1,1.0,1
2088,U6563@DOM1,1.0,1
2064,U5409@DOM1,1.0,1
2071,U7151@DOM1,1.0,1
2072,U2700@DOM1,1.0,1
2075,U1940@DOM1,1.0,1
2078,U393@DOM1,1.0,1
2082,U4690@DOM1,1.0,1
2085,U2583@DOM1,1.0,1
2093,U2609@DOM1,1.0,1
2098,U2465@DOM1,1.0,1
2108,U4539@DOM1,1.0,1
2167,U4960@DOM1,1.0,1
2235,U6763@DOM1,1.0,1
2236,U530@DOM1,1.0,1
2240,U3859@DOM1,1.0,1
2244,U4922@DOM1,1.0,1
2246,U5292@DOM1,1.0,1
2249,U726@DOM1,1.0,1
2255,U2124@DOM1,1.0,1
2258,U7029@DOM1,1.0,1
2260,U4564@DOM1,1.0,1
2261,U5557@DOM1,1.0,1
2264,U4502@DOM1,1.0,1
2267,U524@DOM1,1.0,1
2268,U5102@DOM1,1.0,1
2225,U6135@DOM1,1.0,1
2168,U5003@DOM1,1.0,1
2174,U4725@DOM1,1.0,1
2175,U449@DOM1,1.0,1
2181,U6467@DOM1,1.0,1
2192,U3671@DOM1,1.0,1
2222,U3982@DOM1,1.0,1
2197,U729@DOM1,1.0,1
2200,U4152@DOM1,1.0,1
2205,U5342@DOM1,1.0,1
2210,U2528@DOM1,1.0,1
2218,U2048@DOM1,1.0,1
